Table 2.1:  Imported Quantity of Fish and Fishery Products (Mt),Unnamed: 1,Unnamed: 2,Unnamed: 3,Unnamed: 4,Unnamed: 5,Unnamed: 6,Unnamed: 7,Unnamed: 8,Unnamed: 9,Unnamed: 10,Unnamed: 11,Unnamed: 12,Unnamed: 13,Unnamed: 14,Unnamed: 15,Unnamed: 16,Unnamed: 17,Unnamed: 18,Unnamed: 19,Unnamed: 20,Unnamed: 21,Unnamed: 22,Unnamed: 23,Unnamed: 24,Unnamed: 25,Unnamed: 26,Unnamed: 27,Unnamed: 28,Unnamed: 29,Unnamed: 30,Unnamed: 31,Unnamed: 32,Unnamed: 33,Unnamed: 34,Unnamed: 35,Unnamed: 36,Unnamed: 37,Unnamed: 38,Unnamed: 39,Unnamed: 40,Unnamed: 41,Unnamed: 42,Unnamed: 43,Unnamed: 44,Unnamed: 45,Unnamed: 46,Unnamed: 47,Unnamed: 48,Unnamed: 49,Unnamed: 50,Unnamed: 51,Unnamed: 52,Unnamed: 53,Unnamed: 54,Unnamed: 55,Unnamed: 56,Unnamed: 57,Unnamed: 58,Unnamed: 59,Unnamed: 60,Unnamed: 61,Unnamed: 62,Unnamed: 63,Unnamed: 64,Unnamed: 65,Unnamed: 66,Unnamed: 67,Unnamed: 68,Unnamed: 69,Unnamed: 70,Unnamed: 71,Unnamed: 72,Unnamed: 73,Unnamed: 74,Unnamed: 75,Unnamed: 76,Unnamed: 77,Unnamed: 78,Unnamed: 79,Unnamed: 80,Unnamed: 81,Unnamed: 82
Item,2014,2015,2016,2017,2018(4),2019(4),2020,   2020   JAN,   2020   FEB,   2020   MAR,   2020    APR,   2020    MAY,   2020    JUN,   2020    JUL,   2020    AUG,   2020   SEP,    2020    OCT,    2020    NOV,    2020    DEC,2020,2020  (JAN-DEC),   2021  JAN,   2021   FEB,   2021    MAR,   2021   APR,   2021   MAY,  2021   JUN,   2021   JUL,   2021   AUG,   2021   SEP,   2021   OCT,   2021    NOV,   2021   DEC,2021, 2021   Jan-Dec,     2022    JAN,    2022    FEB,    2022    MAR,    2022    APR,    2022    MAY,    2022   JUN,   2022   JUL,   2022   AUG,   2022   SEP,   2022   OCT,   2022   NOV,   2022   DEC,2022, 2022  Jan-Dec,    2023   JAN,   2023   FEB, 2023 MAR, 2023 APR,2023 MAY, 2023 JUN, 2023 JUL, 2023 AUG, 2023 SEP, 2023 OCT, 2023 NOV, 2023 DEC,2023, 2023  Jan-Jan, 2024   JAN, 2024     FEB,2024   MAR,2024   APR, 2024    MAY,2024    JUN,2024    JUL,2024    AUG,2024   SEP,2024   OCT,2024   NOV,2024   DEC,2024, 2024  Jan-Jan, 2025   JAN, 2025  Jan-Jan,  Change %  2025/2023,  Change %  2025/2024,Percentage to Total
Dried Fish ,10406.204,8445.27896,10520.5922,10214.44698,9506.31819,10253.71181,11643.30776,942.156,684.3439000000001,773.642,897.03036,864.0965,1301.0744,1293.9957,1258.7397,1107.776,999.0325,1065.8327,455.588,11643.30776,11643.30776,372.266,195.57039,354.98170999999996,900.68188,718.8314,573.8765,1543.508,650.69795,617.4915,511.63814,430.9597,643.3671800000001,7513.87035,7513.87035,486.10970000000003,558.614,515.886,325.88338,370.16426,290.1935,542.349,701.784,808.8095,735.308,473.31741000000005,389.77,6198.188749999999,6198.188749999999,435.998,489.9794,291.293,363.177,715.77225,604.7204,848.535,798.584,515.722,686.2767,501.817,525.1804000000001,6777.05515,435.998,453.941,406.114,551.703,558.715,668.1925,933.215,711.532,770.813,622.03736,614.6469000000001,951.15155,586.5848000000001,7828.6461100000015,453.941,742.8595,742.8595,70.38140083211391,63.64670739148922,11.769010757151769
Dried Sprats,24873.618,24607.422700000003,24456.9713,22797.82765,23197.825800000002,24805.64512,31102.3052,1749.103,2286.182,2771.343,3034.451,3261.3612000000003,4902.131,2839.089,1013.023,1899.578,1639.422,1407.514,4299.108,31102.305200000003,31102.305200000003,2675.079,1317.964,1901.6815,1248.588,1786.987,2133.294,2770.324,2404.457,1993.579,3566.35,2101.253,1171.794,25071.350500000004,25071.350500000004,996.671,1805.447,1775.954,2078.8,2253.459,2331.9995,1808.349,1251.508,1546.395,1930.406,3687.6385,2257.242,23723.869,23723.869,1513.099,1618.241,1964.623,1243.28,3010.642,3578.932,2167.102,1441.294,767.003,1765.591,1768.159,1921.049,22759.015,1513.099,2935.195,2331.479,2492.777,1035.194,2249.28,4495.041,1295.832,959.751,525.442,2701.426,3883.36,2458.039,27362.816,2935.195,3948.739,3948.739,160.9703000266341,34.53072112755711,62.559275028702885
Maldive fish,1255.6349999999998,2216.39342,2731.68475,2674.2638899999997,2317.74345,2520.9943,2545.2419,191.107,207.351,211.0915,107.068,205.2515,101.576,271.4415,367.523,315.43440000000004,227.364,217.456,122.578,2545.2419000000004,2545.2419000000004,204.469,118.8395,400.26051,353.9545,121.5769,52.318,142.3615,185.4919,48.272,213.03920000000002,140.818,206.195,2187.5960099999998,2187.5960099999998,153.79739999999998,101.2046,169.021,87.873,53.612739999999995,51.672,98.038,165.865,193.00575,144.4,163.79205,155.393,1537.6745400000002,1537.6745400000002,192.981,224.001,176.842,129.035,142.21,64.69,108.725,129.935,132.047,207.8773,129.225,77.076,1714.6443,192.981,99.262,127.69,144.297,111.703,137.44,61.888,70.771,197.041,319.6085,274.078,192.813,206.612,1943.2035,99.262,221.275,221.275,14.661546991672761,122.92015071225646,3.505626373881949
Canned Fish,19591.357,49016.10115,37088.75633999999,40613.82522,28068.096079999996,36805.67494,26043.65227,2717.1573399999993,1007.9441999999999,3395.6587000000004,2776.63913,3980.7593599999996,4079.50861,2710.8916,1246.72026,979.6321599999999,1367.27183,772.58928,1008.8798,26043.65227,26043.65227,804.5165,343.46025999999995,194.46508,241.3646,1104.4600500000001,841.14311,1031.0279,1436.41677,880.6111800000001,517.77296,459.97758,902.8648999999999,8758.08089,8758.08089,654.8920700000001,303.21072,50.029,478.6608,382.65845,360.23174,107.92376,266.6006,228.68763,266.77326,103.83357000000001,227.462,3430.9636000000005,3430.9636000000005,384.82556,184.52846,133.152,302.07309999999995,288.358225,203.27179999999998,651.86675,1083.1388,800.79872,1492.76455,1417.96635,961.68335,7904.427664999999,384.82556,514.9009699999999,874.7551500000001,163.06895,1171.822,282.989,189.736,242.7805,717.8689,115.11729000000001,0.2845,200.372,2.3521,4476.0473600000005,514.9009699999999,32.08159,32.08159,-91.66334221666564,-93.76936695225103,0.5082637804544905
Food Fish,21094.9,33866.89974,39074.30319,27782.12863,18693.903229999996,18536.1379309999,12801.184029999999,1987.7191500000001,992.9763999999999,1058.46148,1097.2337899999998,435.64436,761.0133999999999,1818.1726,917.28775,1532.9449200000001,741.45232,951.59531,506.68255,12801.18403,12801.18403,650.377,707.33881,667.2782900000001,729.62914,704.2520499999999,1049.8833399999999,714.6469299999999,2173.0141700000004,594.20593,653.85047,734.69688,786.85005,10166.02306,10166.02306,712.1884099999999,965.48,219.97985,339.8829,249.08713,131.41772,213.98651999999998,72.07011,162.27304,372.49735999999996,319.25346,63.85869,3821.975189999999,3821.975189999999,85.25873,172.60924,100.47928,140.34356,229.48353,639.68722,922.815,1565.2209,383.803,640.44628,985.1642099999999,117.81907000000001,5983.1300200000005,85.25873,397.97517999999997,559.60779,624.6613000000001,1003.3138200000001,765.4730500000001,998.98309,2070.4873700000003,1437.48324,838.19538,696.9154100000001,904.30028,1399.1191099999999,11696.515019999999,397.97517999999997,930.5575099999999,930.5575099999999,991.451291850113,133.82300122334263,14.742681954445441
Live fish (2),91.073,106.362,128.43604,180.61732,182.56465,185.62437,98.56475999999999,18.858990000000002,16.90873,10.29108,0,0,4.666,5.57,7.217,8.798,7.936,8.16296,10.156,98.56476,98.56476,10.808399999999999,9.654,9.88,7.944,11.96686,9.789,11.217,13.027,14.446,13.8771,15.312,14.71865,142.64001,142.64001,11.669,12.298,13.175,16.902,6.608,14.0154,6.851,9.829,8.97625,10.03541,9.831,11.394200000000001,131.58426,131.58426,12.529,11.9949,14.0908,6.638,11.92078,9.138,14.017,11.607,7.39905,12.19217,11.697,12.641,135.8647,12.529,14.508,6.2237,12.354,11.148,28.954099999999997,24.58315,13.6158,24.801,14.459,32.468,14.925,18.583,216.62275000000002,14.508,14.417,14.417,15.069039827599967,-0.6272401433691709,0.22840635151849986
Other,1399.007,1787.1263999999996,1692.15534,1756.9549199999997,2496.6432999999997,2529.1466,1574.854269,253.32094,155.01807,160.864019,98.46236999999998,33.606759999999994,62.0523,73.08705,153.10436,202.66541,139.84839000000002,155.88609999999997,86.9385,1574.854269,1574.854269,239.68275999999997,191.27406,170.93649,262.59087,310.13608,221.42803000000004,78.26655000000001,131.5748,106.90142,78.85095,341.04748,204.00339000000002,2336.69288,2336.69288,325.37501000000003,299.19206999999994,301.43879,419.6207,186.7262,191.72191999999998,151.91496,309.06187,279.74092,121.34705,114.01803,192.28598999999997,2892.44351,2892.44351,183.50036999999998,220.48915000000002,261.05473,266.59943999999996,309.93755,253.58363999999997,161.05014999999997,291.73233999999997,425.07034,378.90321000000006,435.63781,346.47858999999994,3534.0373200000004,183.50036999999998,350.44322999999997,579.4012499999999,667.5095,456.29411,510.60684000000003,541.31314,262.60232,148.07148,116.53676000000002,307.30332,399.388667,488.00162,4827.472236999999,350.44322999999997,422.0665,422.0665,130.00852804819962,20.437909443991842,6.686735753844969
Total,78711.79400000001,120045.58436999998,115692.89916000002,106020.06460999999,84463.0947,95636.9350709999,85809.11018900001,7859.422419999999,5350.724299999999,8381.351779000002,8010.884650000001,8780.71968,11212.021709999999,9012.247449999999,4963.61507,6046.82889,5122.32704,4579.036349999999,6489.93085,85809.11018900001,85809.11018900001,4957.19866,2884.10102,3699.48358,3744.7529899999995,4758.2103400000005,4881.73198,6291.35188,6994.679590000001,4255.50703,5555.37882,4224.06464,3929.7931699999995,56176.253699999994,56176.253699999994,3340.70259,4045.4463899999996,3045.483640000001,3747.6227800000006,3502.31578,3371.25178,2929.4122399999997,2776.71858,3227.88809,3580.76708,4871.684020000001,3297.40588,41736.69885,41736.69885,2808.19166,2921.8431499999992,2941.53481,2451.1461,4708.324335,5354.0230599999995,4874.110900000001,5321.51204,3031.8431099999993,5184.05121,5249.66637,3961.92741,48808.17415499999,2808.19166,4766.225379999999,4885.27089,4656.37075,4348.1899300000005,4642.93549,7244.7593799999995,4667.62099,4255.82962,2551.39629,4627.12213,6546.310497,5159.29163,58351.322976999996,4766.225379999999,6311.996099999999,6311.996099999999,124.77084416666915,32.431758818757345,100
,,,,,,,,,,,,,,,,,,,,,,,,,,,,,,,,,,,,,,,,,,,,,,,,,,,,,,,,,,,,,,,,,,,,,,,,,,,,,,,,,,
Table 3.1:  Value of Imported Fish and Fishery Products (Rs.Mn),,,,,,,,,,,,,,,,,,,,,,,,,,,,,,,,,,,,,,,,,,,,,,,,,,,,,,,,,,,,,,,,,,,,,,,,,,,,,,,,,,
Item,2014,2015,2016,2017,2018(4),2019(4),2020,   2020   JAN,   2020   FEB,   2020   MAR,   2020    APR,   2020    MAY,   2020    JUN,   2020    JUL,   2020    AUG,   2020   SEP,    2020    OCT,    2020    NOV,    2020    DEC,2020,2020  (JAN-DEC),   2021  JAN,   2021   FEB,   2021    MAR,   2021   APR,   2021   MAY,  2021   JUN,   2021   JUL,   2021   AUG,   2021   SEP,   2021   OCT,   2021    NOV,   2021   DEC,2021, 2021   Jan-Dec,     2022    JAN,    2022    FEB,    2022    MAR,    2022    APR,    2022    MAY,    2022   JUN,   2022   JUL,   2022   AUG,   2022   SEP,   2022   OCT,   2022   NOV,   2022   DEC,2022, 2022  Jan-Dec,    2023   JAN,   2023   FEB, 2023 MAR, 2023 APR,2023 MAY, 2023 JUN, 2023 JUL, 2023 AUG, 2023 SEP, 2023 OCT, 2023 NOV, 2023 DEC,2023, 2023  Jan-Jan, 2024   JAN, 2024     FEB,2024   MAR,2024   APR, 2024    MAY,2024    JUN,2024    JUL,2025    AUG,2024   SEP,2024   OCT,2024   NOV,2024   DEC,2024, 2024  Jan-Jan, 2025   JAN, 2025  Jan-Jan,  Change %  2025/2023,  Change %  2025/2024,Percentage to Total
Dried Fish,2440.7795530000003,2357.2555180599998,3416.1045603400003,3807.79578,4217.654639,5257.2873899999995,6353.206005,442.621962,317.811145,393.33141,506.505901,437.93646,702.230962,718.168106,730.658572,676.887211,559.524212,611.471944,256.05812,6353.206005,6353.206005,204.891547,116.217049,219.026482,593.826754,465.515914,387.624581,1019.36619,414.497649,424.310603,344.992363,277.683508,403.101525,4871.0541650000005,4871.0541650000005,314.011996,348.045615,366.242541,276.710252,341.472202,217.438022,215.36611,289.715686,373.915642,333.924354,208.686578,184.451323,3469.980321,3469.980321,195.711674,212.861806,138.742604,158.861046,338.291856,284.892904,480.225541,472.993801,264.046113,368.307026,298.244905,297.580608,3510.759884,195.711674,245.341024,238.137653,347.057503,388.889879,452.297028,633.70555,484.743954,563.609133,439.358536,425.498265,687.385804,424.548556,5330.572885,245.341024,531.345358,531.345358,171.49395186308612,116.57419918488642,15.217054590742258
Dried Sprats,5863.618722999999,7152.593688999999,9036.9923555,9368.691663,9374.649756190001,9520.754661,10926.718608,642.878514,909.653681,1044.083355,1292.960603,1165.426385,1425.907188,869.003603,374.971471,665.315559,555.962707,485.744374,1494.811168,10926.718608000001,10926.718608000001,1011.992087,457.950406,597.065515,394.750009,528.30303,709.017103,1162.38379,1088.270266,816.693204,1182.658797,723.268921,446.54021,9118.893338,9118.893338,385.276898,604.770244,905.936991,1176.840117,1377.475565,962.534373,694.566409,576.731693,543.016461,714.00182,1301.454887,712.853713,9955.459171,9955.459171,517.015816,580.43124,658.211557,386.343739,1051.340031,1110.673074,877.20239,629.174887,355.945062,877.098172,947.343291,1020.162703,9010.941962,517.015816,1503.03903,1303.0444,1317.745998,552.783227,1108.194179,2128.969857,656.801517,559.154571,301.176328,1541.252482,2275.279092,1362.539045,14609.979726000001,1503.03903,1851.610089,1851.610089,258.13412891802136,23.191084997972418,53.027755641147664
Maldive fish,646.6040899999999,1658.35257022,1993.8481,1624.212214,1528.0421973400003,1668.372523,1923.729326,133.614595,143.173535,157.264381,83.048855,159.075764,76.548646,225.855066,304.08172,245.363608,172.445992,140.483307,82.773857,1923.729326,1923.729326,143.010389,74.239113,243.837614,216.704257,74.636934,37.206138,115.388827,130.066046,30.716869,151.15984,96.246734,140.106591,1453.3193520000002,1453.3193520000002,98.097234,50.395571,110.813797,72.844015,42.078406,38.083411,81.573719,97.748533,94.601956,85.540507,79.79333,74.138584,925.709063,925.709063,92.821383,110.164297,90.010787,65.180065,68.788583,29.000288,63.061421,73.97069,82.126047,123.801035,79.577688,47.105498,925.6077819999999,92.821383,65.387883,74.806069,93.374657,83.1779,107.602667,45.60685,46.539945,162.001382,250.987799,204.109456,146.719308,141.84033,1422.1542459999998,65.387883,152.132618,152.132618,63.89824529979262,132.66178842339949,4.35688449759363
Canned Fish,5092.198891999999,11918.761415999998,9638.225181,9605.574855,8615.929668,13650.557222,10764.337708,1020.214766,389.004119,1286.194599,1219.804625,1718.766632,1748.030031,1144.154032,530.6183,429.914018,548.679991,323.649696,405.306899,10764.337708,10764.337708,688.087038,146.75005,88.92603,130.937871,513.121266,379.456958,468.847977,667.316113,426.270121,241.480963,468.405278,671.359295,4890.95896,4890.95896,328.427161,157.449887,29.482477,341.473762,327.266916,351.110915,247.982805,208.193406,164.750022,237.801906,88.522276,189.466626,2671.9281590000005,2671.9281590000005,347.984685,181.696373,111.928991,170.719163,194.188397,134.929827,477.355464,876.544821,644.242613,1168.096632,1175.028978,689.887574,6172.603518000001,347.984685,339.765622,561.597697,103.818037,898.141952,167.284347,117.323617,135.135696,421.743696,70.791572,0.654372,500.271596,1.319091,3317.8472949999996,339.765622,42.470783,42.470783,-87.79521489573601,-87.49997638077699,1.2163091550384224
Food fish,4356.755496,6763.7629022,10110.62955334,8604.74907857,7322.68758512,7410.591563,4658.603794,814.097354,317.01289,375.789687,458.649312,147.912274,241.53082,617.402785,367.762663,529.42451,238.152386,374.092563,176.77655,4658.603794,4658.603794,194.778176,211.528517,221.886955,254.764555,283.016175,360.155062,218.835152,633.844047,203.201377,217.756069,244.363369,357.239172,3401.368626,3401.368626,332.781217,400.594992,121.226082,237.379355,186.931142,147.662117,89.767304,42.298817,74.136909,204.898291,205.223206,64.951528,2107.85096,2107.85096,93.080304,90.317996,55.578252,76.771911,101.908393,254.034099,363.017107,757.013817,139.091559,311.385446,393.929977,108.030908,2744.1597690000003,93.080304,186.754363,285.249859,290.195146,392.647449,275.14948,442.017745,946.78332,607.763315,457.996899,387.162794,349.812868,564.328704,5185.8619419999995,186.754363,448.968355,448.968355,382.3451747643626,140.405818524304,12.857882100008386
Live fish,117.523067,196.81875526,214.78843461000002,333.62701179,257.407716,287.572027,174.919406,47.219416,27.811693,13.946442,0,0,7.612047,9.574465,14.597277,17.821638,12.451476,13.948426,9.936526,174.91940600000004,174.91940600000004,16.156225,24.317798,18.579621,10.319482,19.862565,14.932759,19.482985,18.628656,24.887597,20.49804,30.755829,34.580916,253.00247300000004,253.00247300000004,25.024314,19.438843,26.601267,51.394122,26.514418,64.782334,20.975543,37.029086,37.929744,35.586391,37.459711,47.292884,430.028657,430.028657,26.941056,51.569949,37.406455,13.503704,36.267139,18.385263,36.958781,28.071196,21.740089,31.136164,29.404039,37.168813,368.55264800000003,26.941056,33.777701,16.591019,31.299577,26.647854,66.365881,69.266179,24.956928,53.244318,32.726406,62.602302,31.821986,36.46713,485.76728099999997,33.777701,24.0663,24.0663,-10.67053941760858,-28.750923575290106,0.6892281928944232
Other,342.46071,681.096141,761.6816415100001,624.806307,1410.013024659991,1157.2691980000018,702.803783,184.234902,61.269886,36.718468,49.358933,40.143261,13.605596,33.581747,33.710281,55.839215,99.48582,42.495105,52.360569,702.8037830000001,702.8037830000001,70.447145,59.580985,51.303366,77.402107,134.920828,350.906997,30.418267,61.401351,35.764916,45.165948,96.345345,77.763526,1091.4207809999998,1091.4207809999998,300.863399,98.534175,143.969314,193.041482,185.560688,258.152431,101.68148,178.640759,120.864146,39.532943,313.508329,168.865783,2103.214929,2103.214929,244.166554,286.718463,144.991132,151.008183,111.248629,104.523614,125.494117,401.346812,653.330401,570.683127,737.982116,469.622567,4001.1157150000004,244.166554,434.417636,1024.108205,798.398218,621.143433,845.863957,655.334711,342.212248,303.815286,244.784109,333.327065,315.587564,400.559677,6319.552109000001,434.417636,441.181826,441.181826,80.68888583323334,1.5570707631215932,12.634885822575212
Total,18859.940530999997,30728.64099174,35172.2698263,33969.45690936,32726.384586309996,38952.404584,35504.31863,3284.8815090000003,2165.736949,3307.328342,3610.3282289999997,3669.260776,4215.46529,3617.7398040000003,2356.4002840000003,2620.5657589999996,2186.702584,1991.8854149999997,2478.0236889999996,35504.31863,35504.31863,2329.362607,1090.583918,1440.6255830000002,1678.7050350000004,2019.3767120000002,2239.299598,3034.7231880000004,3014.0241279999996,1961.8446870000002,2203.71202,1937.0689839999998,2130.6912350000002,25080.017695000002,25080.017695000002,1784.482219,1679.229327,1704.272469,2349.683105,2487.299337,2039.763603,1451.91337,1430.3579800000002,1409.21488,1651.286212,2234.648317,1442.020441,21664.17126,21664.17126,1517.721472,1513.760124,1236.869778,1022.387811,1902.033028,1936.439069,2423.314821,3239.116024,2160.521884,3450.507602,3661.510994,2669.558671,26733.741278,1517.721472,2808.483259,3503.534902,2981.889136,2963.431694,3022.757539,4092.224509,2637.173608,2671.331701,1797.821649,2954.606736,4306.878218,2931.602533,36671.735484000004,2808.483259,3491.775329,3491.775329,130.06693872484135,24.32957603754048,100
,,,,,,,,,,,,,,,,,,,,,,,,,,,,,,,,,,,,,,,,,,,,,,,,,,,,,,,,,,,,,,,,,,,,,,,,,,,,,,,,,,
Table 4.1:  Exported Quantity of Fish and Fishery Products (Mt),,,,,,,,,,,,,,,,,,,,,,,,,,,,,,,,,,,,,,,,,,,,,,,,,,,,,,,,,,,,,,,,,,,,,,,,,,,,,,,,,,
Item,2014,2015 (3),2016 (3),2017,2018,2019,2020,   2020   JAN,   2020   FEB,   2020   MAR,   2020    APR,   2020    MAY,   2020    JUN,   2020    JUL,   2020    AUG,   2020   SEP,    2020    OCT,    2020    NOV,    2020    DEC,2020,2020  (JAN-DEC),   2021  JAN,   2021   FEB,   2021    MAR,   2021   APR,   2021   MAY,  2021   JUN,   2021   JUL,   2021   AUG,   2021   SEP,   2021   OCT,   2021    NOV,   2021   DEC,2021, 2021   Jan-Dec,     2022    JAN,    2022    FEB,    2022    MAR,    2022    APR,    2022    MAY,    2022   JUN,   2022   JUL,   2022   AUG,   2022   SEP,   2022   OCT,   2022   NOV,   2022   DEC,2022, 2022  Jan-Dec,    2023   JAN,   2023   FEB, 2023 MAR, 2023 APR,2023 MAY, 2023 JUN, 2023 JUL, 2023 AUG, 2023 SEP, 2023 OCT, 2023 NOV, 2023 DEC,2023, 2023  Jan-Jan, 2024   JAN, 2024     FEB,2024   MAR,2024   APR, 2024    MAY,2024    JUN,2024    JUL,2025    AUG,2024   SEP,2024   OCT,2024   NOV,2024   DEC,2024, 2024  Jan-Jan, 2025   JAN, 2025  Jan-Jan,  Change %  2025/2023,  Change %  2025/2024,Percentage to Total
Live fish (2),na ,na ,na ,na ,na ,na ,na ,na ,na ,na ,na ,na ,na ,na ,na ,na ,na ,na ,na ,na ,na ,na ,na ,na ,na ,na ,na ,na ,na ,na ,na ,na ,na ,na ,na ,na ,na ,na ,na ,na ,na ,na ,na ,na ,na ,na ,na ,na ,na ,na ,na ,na ,na ,na ,na ,na ,na ,na ,na ,na ,na ,na ,na ,na ,na ,na ,na ,na ,na ,na ,na ,na ,na ,na ,na ,na ,na ,na ,na ,na ,na ,na 
Prawns,2001.2790000000002,1340.87685,1666.9001240000002,1844.49075,1983.8250300000002,2115.2169400000002,1780.5468,116.55954000000001,123.31506000000003,92.63408000000001,18.78874,80.37404999999998,212.70761999999996,212.32894,213.05392,118.59023000000002,126.38591999999998,232.83534999999998,232.97335,1780.5467999999998,1780.5467999999998,286.34131999999994,291.65354,280.9035,188.70209999999997,116.10629000000003,240.00656999999998,536.6361800000001,515.09307,821.964,506.3377300000001,565.0916100000001,398.11583,4746.95174,4746.95174,441.90068999999994,424.01449999999994,463.439,454.8228199999999,305.68317,973.9722400000002,731.1397999999998,482.18405,375.57033000000007,288.42037,295.19425,250.08723999999998,5486.42846,5486.42846,217.49586999999997,267.19605,373.00383000000005,383.27735,504.7493200000001,311.3162500000001,210.89214,281.76951499999996,392.93659,314.21724,417.38196999999997,345.34058,4019.576705,217.49586999999997,308.23393999999996,380.99253000000004,375.63055,271.05993000000007,225.38839000000002,258.9131,307.75183999999996,225.32446,257.09038,372.1094299999999,236.62955,212.76287,3431.8869700000005,308.23393999999996,141.03255,141.03255,-35.1562169893157,-54.244964068525356,8.292523444814828
Lobsters (4),300.581,204.39748,174.99682,224.39643999999998,231.49798,229.16116,99.34371,22.27761,0.018,3.61805,4.6158,6.56129,15.19907,4.82784,6.5646,0.68701,1.05703,10.77246,23.144949999999998,99.34370999999999,99.34370999999999,32.80968,9.50141,20.00583,25.3335,10.59777,18.07507,7.693020000000001,7.69393,10.04383,0.6001000000000001,28.41032,25.473799999999997,196.23825999999997,196.23825999999997,17.090549999999997,2.9064,9.90814,8.554170000000001,8.11454,10.853919999999999,3.7841199999999997,4.50008,0.141,0,26.615419999999997,21.449250000000003,113.91759,113.91759,12.658600000000002,1.59971,17.68427,17.032120000000003,9.28808,6.05811,5.2594899999999996,3.69361,6.339700000000001,0,33.16195999999999,14.000620000000003,126.77627000000001,12.658600000000002,12.601560000000001,2.22998,9.45499,9.52985,4.28013,5.83062,2.43393,4.80487,7.861440000000001,1.09422,4.938020000000001,17.13407,82.19368,12.601560000000001,5.80183,5.80183,-54.16689049341951,-53.95943041972582,0.34113976736455526
Crabs,1872.4490000000003,1709.6114800000003,2117.15499,1819.23406,1400.5223079999998,1817.88852,1360.50044,153.71721,122.75998999999999,111.46534,42.547880000000006,82.43755999999999,140.9445,101.47709,59.695859999999996,146.25782,136.98918,142.22067,119.98734000000002,1360.5004399999998,1360.5004399999998,184.42882,124.24641000000001,146.78822,157.54318000000004,151.04530999999997,129.53879000000003,178.39846999999997,73.51859999999999,88.13051000000002,98.50509,182.88201000000004,147.34419,1662.3696,1662.3696,115.79457,100.76194,149.02059,198.23685999999998,148.5805,145.93635000000003,115.08419,147.24353000000002,146.83262,215.46138,166.47983000000002,200.02845000000002,1849.46081,1849.46081,116.95006,162.58495000000002,153.74218,177.86265,134.83332000000001,144.00061000000002,109.24588,92.27761,80.25967,129.57251000000002,216.08953999999997,160.23908,1677.65806,116.95006,167.20679,184.99845000000002,134.85052,190.10067,170.74083000000002,142.78193000000002,88.69002,139.45073000000002,187.73596000000003,277.37369,280.22788,222.56726999999995,2186.7247399999997,167.20679,164.17269,164.17269,40.37845726628956,-1.814579419890797,9.653132421014273
Beche de mer,164.555,169.2616,136.1737,150.35972,247.53267000000002,502.723,326.32905,19.427199999999996,29.6418,9.9076,1.0899,16.29682,40.0916,46.456520000000005,48.27936999999999,23.28715,43.93145,27.48909,20.43055,326.32904999999994,326.32904999999994,6.943,15.810919999999998,9.20265,8.429649999999999,14.941840000000001,3.6075,29.08632,46.91649999999999,49.83670000000001,52.06751,47.53275,51.31031000000001,335.68565,335.68565,18.1902,25.204950000000004,23.731250000000003,35.75954,9.85855,76.8163,16.45394,26.724179999999997,30.391200000000005,25.43283,92.69433000000001,36.312059999999995,417.56933000000004,417.56933000000004,10.915149999999997,14.56653,36.78015,27.650659999999995,68.9385,49.465450000000004,43.369930000000004,16.17975,40.30705,47.67429999999999,22.215700000000002,22.711399999999998,400.77457000000004,10.915149999999997,28.940929999999998,12.242400000000002,14.152569999999997,35.079699999999995,38.370799999999996,23.453449999999997,34.989990000000006,5.68808,7.49227,10.169720000000002,22.041390000000003,19.466330000000003,252.08763000000002,28.940929999999998,7.1216099999999996,7.1216099999999996,-34.75481326413286,-75.39260141260145,0.4187410487141282
Other Moluscus,2430.612,1371.3491099999999,1567.58363,3152.4305460000005,3672.4951784,2590.0320799999995,1476.5406300000002,201.89207,252.25900000000004,100.89592999999999,63.72129,63.407149999999994,125.47513,114.46260000000001,104.69248999999999,122.66558,79.34373,101.39713,146.32853,1476.5406300000002,1476.5406300000002,161.82944999999998,195.40333,151.49996999999996,69.04513,132.21716,68.882,322.33340000000004,172.25478999999999,128.71283,197.26307,305.81476000000004,262.41369,2167.6695799999998,2167.6695799999998,134.87606,230.11674,182.0554,83.69696,120.62176,172.99187000000003,178.25809,124.61574,81.48240000000001,206.64885,334.46819999999997,238.02667,2087.85874,2087.85874,261.36782999999997,433.03548000000006,283.77275999999995,187.96859,222.96166,154.74220000000003,160.49415,235.33913,304.14487,240.44655000000003,420.8683,210.08782000000002,3115.2293400000003,261.36782999999997,226.32965,377.63809,245.08559000000002,211.73325999999997,101.70166,150.80154000000002,151.06083,141.34245,120.91769000000001,111.36371999999999,136.52965,236.66890000000004,2211.17303,226.32965,153.39673000000002,153.39673000000002,-41.31001891089656,-32.224200408563334,9.019520528295986
Shark fins,31.895000000000003,38.5244,35.711999999999996,52.436,86.40289999999999,90.87835000000001,55.454130000000006,7.748,4.089,4.0585,0,2.157,6.1152,6.4505,4.2638,3.26933,5.547,3.045,8.710799999999999,55.45413,55.45413,4.725,5.15385,11.086450000000001,9.33675,4.6938,0.801,16.62,5.9395500000000006,0.49985,6.678,29.795550000000002,0,95.32980000000002,95.32980000000002,0,4.723199999999999,8.087900000000001,14.9011,1.63,11.7651,3.2165,3.84,4.383,8.15526,13.3318,5.171600000000001,79.20545999999999,79.20545999999999,4.5646,5.6353,11.8491,6.1825,12.332500000000001,7.473649999999999,8.78111,8.7585,13.19265,1.98585,8.04395,10.9433,99.74301,4.5646,5.9015,5.55539,4.709350000000001,8.903400000000001,12.097050000000001,12.146650000000001,8.010900000000001,7.7005,6.12276,5.19575,8.81995,14.5923,99.75550000000001,5.9015,4.1698,4.1698,-8.649169697235246,-29.343387274421755,0.24517860777663647
Fish maws,2.346,2.2253499999999997,1.389,6.96559,4.73322,3.5339,2.1271,0.195,0.046,0.144,0.056,0.02641,0.30038,0.21737,0.22869,0.224,0.11685,0,0.5724,2.1271,2.1271,0,0.0063,0.498,0.80392,0.145,0.12381,0.64407,0.07490999999999999,0.2843,0.11903,1.0473,0.23186,3.9785,3.9785,0.043,0.09,0.8383999999999999,0.057,0.099,0.9349,0.10614,0.5846699999999999,1.5428,0.209,2.3813,0.164,7.05021,7.05021,0.0365,0.4393,0.193,1.7937,0.54713,1.00655,0.05174,0.52066,1.59859,0.2662,0.42347,0,6.87684,0.0365,0.6732,0.218,0.19827,1.62848,1.74448,0.11062000000000001,1.5706999999999998,0.3432,0.7534000000000001,0.5223099999999999,0.16405,1.84218,9.768889999999999,0.6732,0,0,-100,-100,0
Chank & shells,343.21200000000005,288.83829999999995,297.19800000000004,354.9789,328.75579999999997,275.11556,220.5886,0.349,58.298,18.91,0,0,22.1,33.785,19.949,7.170599999999999,16.67,30.607,12.75,220.5886,220.5886,15.37041,61.746300000000005,41.809,11.916,1.65,27.55238,0.1095,15.209200000000001,38.0846,9.446,36.816,46.277300000000004,305.98669,305.98669,15.042,32.591680000000004,13.73425,38.81226,28.32354,16.789930000000002,13.578,20.52156,40.8902,10.704,20.3964,19.732,271.11582,271.11582,28.316,7.824,38.75862,32.404,9.70489,26.15206,36.0372,0,8.221,8.822,36.446,36.60835,269.29412,28.316,31.5927,26.470879999999998,108.71175,7.4822,24.554,71.982,48.47904,5.5738,3.679,58.0383,24.88,53.098800000000004,464.54247,31.5927,31.231800000000003,31.231800000000003,10.29735838395255,-1.1423525054838533,1.8363876546497084
Food Fish ,18657.872000000003,11806.72161,11101.059205,16250.33323,18031.259452999995,19885.110030000003,13857.507399999999,1912.7509200000004,1700.20153,1250.3227199999997,561.8096400000002,863.28828,1774.7311699999998,1164.51573,945.15704,1018.1881999999998,1048.6462999999999,606.72325,1011.17262,13857.5074,13857.5074,1128.78335,842.4923599999997,2050.97942,1498.04899,883.3567999999999,899.7716900000001,2554.02653,866.67565,790.7641000000002,1186.97727,1880.82346,1547.5275599999998,16130.227179999998,16130.227179999998,1537.7765100000001,1144.2389100000003,1418.91043,1266.2092399999997,1028.00978,2100.52565,867.7277899999999,1121.2705099999998,736.1532700000002,1143.1101999999998,1380.6389000000001,1214.46726,14959.03845,14959.03845,1353.5207100000002,1176.7290600000001,1411.40927,1597.0846499999998,1143.7172349999998,845.2349699999999,875.8303100000002,849.6902299999998,1312.0479699999994,1150.10645,1345.2089499999997,1319.6340200000002,14380.213824999999,1353.5207100000002,1197.7048800000002,1020.87582,1130.20825,1627.4629699999998,1120.9108999999999,1258.24968,1383.4205099999997,742.9204299999999,785.5731299999999,933.3415699999999,1009.8027099999999,1240.41912,13450.88997,1197.7048800000002,1167.40691,1167.40691,-13.750347418031032,-2.5296690784127307,68.6419494706281
Other,515.2750000000001,529.3298,494.868415,971.15867,2011.0055899999988,1261.113325,2119.402395,82.96611,219.56595199999995,356.77655000000004,29.22951,41.651525,268.67101199999996,135.964546,432.89511,55.43857999999999,92.62217999999999,51.38088,352.24044,2119.4023949999996,2119.4023949999996,103.40163000000001,318.41952000000003,195.46106000000003,37.23622,119.53476,27.022930000000002,47.554370000000006,48.798989999999996,40.07544,45.90207,79.35583,42.057909999999985,1104.82073,1104.82073,33.14893,34.33657000000001,43.87425999999999,64.21299,31.73619,60.184470000000005,25.43551,22.054940000000002,31.142599999999998,26.93603,37.03415,48.17628,458.27292000000006,458.27292000000006,27.73054000000001,26.08922,46.85211,39.6434,30.729039999999998,31.037290000000002,46.59135,29.443360000000002,28.9828,38.068200000000004,39.32269,22.520930000000003,407.01093000000003,27.73054000000001,36.6604,23.46883,41.837230000000005,26.97193,27.41175000000001,25.911469999999994,24.087670000000003,28.971820000000005,32.32711,34.93775,29.090870000000002,35.5647,367.24153,36.6604,26.385420000000003,26.385420000000003,-4.85068087386688,-28.027462875473258,1.551427056741767
Total,26320.076000000005,17461.13598,17593.035884,24826.783906,27998.0301294,28770.772865,21298.340255,2517.88266,2510.194332,1948.7327699999996,721.8587600000002,1156.200085,2606.3356819999995,1820.486136,1834.77988,1495.7785,1551.30964,1206.47083,1928.3109800000002,21298.340254999996,21298.340254999996,1924.63266,1864.43394,2908.2341,2006.39544,1434.2887299999998,1415.3817400000003,3693.1018599999998,1752.1751900000002,1968.3961600000002,2103.8958700000003,3157.56959,2520.7524499999995,26749.25773,26749.25773,2313.86251,1998.9848900000002,2313.59962,2165.2629399999996,1682.6570300000003,3570.77073,1954.78408,1953.53926,1448.5294200000005,1925.07792,2369.23458,2033.6148099999998,25729.91779,25729.91779,2033.5558600000004,2095.6996,2374.04529,2470.8996199999997,2137.801675,1576.48714,1496.5533000000003,1517.6723649999997,2188.0308899999995,1931.1593,2539.1625299999996,2142.0861000000004,24503.15367,2033.5558600000004,2015.8455500000002,2034.69037,2064.83907,2389.95239,1727.1999899999998,1950.18106,2050.4954299999995,1302.12034,1409.5531399999998,1804.14646,1753.1240699999998,2054.11654,22556.26441,2015.8455500000002,1700.71934,1700.71934,-16.36721796272664,-15.632458052155835,100
,,,,,,,,,,,,,,,,,,,,,,,,,,,,,,,,,,,,,,,,,,,,,,,,,,,,,,,,,,,,,,,,,,,,,,,,,,,,,,,,,,
Table 5.1:  Value of Exported Fish and Fishery Products (Rs.Mn),,,,,,,,,,,,,,,,,,,,,,,,,,,,,,,,,,,,,,,,,,,,,,,,,,,,,,,,,,,,,,,,,,,,,,,,,,,,,,,,,,
Item,2014,2015 (3),2016 (3),2017,2018,2019,2020,   2020   JAN,   2020   FEB,   2020   MAR,   2020    APR,   2020    MAY,   2020    JUN,   2020    JUL,   2020    AUG,   2020   SEP,    2020    OCT,    2020    NOV,    2020    DEC,2020,2020  (JAN-DEC),   2021  JAN,   2021   FEB,   2021    MAR,   2021   APR,   2021   MAY,    2021   JUN,   2021   JUL,   2021   AUG,   2021   SEP,   2021   OCT,   2021    NOV,   2021   DEC,2021, 2021   Jan-Dec,     2022    JAN,    2022    FEB,    2022    MAR,    2022    APR,    2022    MAY,    2022   JUN,   2022   JUL,   2022   AUG,   2022   SEP,   2022   OCT,   2022   NOV,   2022   DEC,2022, 2022  Jan-Dec,    2023   JAN,   2023   FEB, 2023 MAR, 2023 APR,2023 MAY, 2023 JUN, 2023 JUL, 2023 AUG, 2023 SEP, 2023 OCT, 2023 NOV, 2023 DEC,2023, 2023  Jan-Jan, 2024   JAN, 2024     FEB,2024   MAR,2024   APR, 2024    MAY,2024    JUN,2024    JUL,2025    AUG,2024   SEP,2024   OCT,2024   NOV,2024   DEC,2024, 2024  Jan-Jan, 2025   JAN, 2025  Jan-Jan,  Change %  2025/2023,  Change %  2025/2024,Percentage to Total
Live fish,1636.3798259999999,2392.217227,1846.7438190000003,2288.273314,2626.075505,2913.281239,2409.219008,262.426855,228.529572,181.993656,49.042233,85.957121,368.852404,267.188598,116.537373,239.576231,278.809713,150.393256,179.911996,2409.2190079999996,2409.2190079999996,168.087816,199.889109,369.643718,248.217962,180.289411,154.627708,988.567185,191.579647,253.19833,337.988549,683.822164,416.76493,4192.676529,4192.676529,358.257675,291.848655,404.313725,328.006332,455.298481,1100.692591,491.760954,834.872784,623.138742,661.639767,816.588243,776.538928,7142.956877,7142.956877,799.910207,724.094211,782.697325,680.996925,728.861416,615.740302,574.99615,648.512193,817.873816,801.301868,801.795048,664.198927,8640.978388,799.910207,708.429956,512.398118,582.521591,828.321264,604.575868,717.921237,590.562132,512.38864,652.69483,579.485679,523.536307,579.259876,7392.095498000001,708.429956,465.1541,465.1541,-41.849210582707315,-34.340142443101314,6.892101324720712
Prawns,3375.4132079999995,1970.815966,2464.2145910000004,3213.237193,3485.106051,3521.606584,3235.054829,204.574071,237.69166,144.187899,43.214987,109.35444,367.420919,376.389493,391.770724,258.398315,255.865927,419.11796,427.068434,3235.0548289999997,3235.0548289999997,494.078207,472.895842,389.534062,302.758192,214.620679,425.332238,964.707534,956.812332,1599.053551,929.3505,1042.071136,671.192933,8462.407206,8462.407206,694.21768,657.127851,751.230134,1072.336911,739.712584,2449.178377,2128.697792,1362.755488,1104.902012,804.253255,721.907173,688.175099,13174.494356,13174.494356,631.203843,725.935015,971.016446,920.111759,1125.12283,684.693529,556.861981,754.56104,979.500113,817.435922,1300.837066,925.51014,10392.789684000001,631.203843,808.058303,925.07846160768,910.095929,727.511687,571.634342,612.908654,764.253781,569.577903,712.7550658155001,1045.236014,705.20619,568.549901,8920.866231423182,808.058303,395.849698,395.849698,-37.28655134312926,-51.012235561423346,5.8652309588931795
Lobsters (4),1148.130085,776.712584,656.7540150000001,781.56231,971.330009,1002.712907,352.071745,85.007142,0.029316,13.121466,15.715441,22.899608,44.572597,15.173255,18.079826,1.618418,3.587126,36.502707,95.764843,352.07174499999996,352.07174499999996,132.738222,41.389365,94.251157,123.554592,37.568517,80.504016,31.770935,30.214828,43.53053,1.858524,139.820833,121.841478,879.042997,879.042997,96.263158,8.013197,71.16181,68.789701,73.007771,97.016098,44.834338,45.983442,0.543562,0,318.986333,235.941241,1060.540651,1060.540651,134.692514,17.854671,194.705616,193.781812,122.389081,79.418467,59.595388,45.488279,75.849161,0,363.918166,149.585501,1437.278656,134.692514,138.052356,24.237013,85.512173,103.65321,47.515542,60.099254,24.768383,25.736237,78.28337,10.293594,40.416903,151.282764,789.850799,138.052356,41.594948,41.594948,-69.11858961961316,-69.87016433098758,0.6163045670509818
Crabs,2617.029388,2049.6074430000003,2623.1322999999998,3336.066033,4315.999644,5028.569627,3068.361521,373.729163,362.669283,321.022477,65.353697,165.609606,249.859369,210.812876,133.691955,366.447859,283.292861,289.413056,246.459319,3068.361521,3068.361521,473.168303,336.974692,444.655099,543.773888,585.689931,452.476359,721.102243,324.914064,344.093239,512.836724,670.192649,702.780016,6112.657206999999,6112.657206999999,432.51027,427.121117,795.789653,991.304312,653.984489,469.263135,741.1335,434.005914,481.444518,867.248855,701.370615,801.491112,7796.667490000001,7796.667490000001,507.4739,648.190497,701.208587,845.848202,524.939524,648.039416,637.430323,400.586531,406.916339,781.734742,1059.602185,715.578108,7877.548354,507.4739,871.436384,921.6884037000001,643.59295,852.941735,537.065788,742.210961,374.562212,385.464908,885.65329582,1005.288319,1029.002458,807.470874,9056.37828852,871.436384,968.318533,968.318533,90.81149454188679,11.11752398440137,14.347394646292308
Beche de mer,521.2736050000001,481.4798609999999,383.45451800000006,494.456584,1399.865481,2272.306,1580.697116,93.102972,215.808284,38.889165,12.995605,83.272898,218.40581,182.095934,206.94283,123.801807,218.617619,100.37675,86.387442,1580.697116,1580.697116,85.668175,101.631173,107.125696,71.197615,138.56118,43.937312,169.055288,193.0172,212.782778,271.389332,301.905123,271.065436,1967.336308,1967.336308,141.201042,163.801678,143.016464,286.240062,142.151126,762.331188,124.01643,446.122044,318.884906,224.432074,625.106557,428.647806,3805.951377,3805.951377,188.009557,283.795559,472.467997,419.829974,583.961683,447.776712,343.093437,294.326471,559.367325,505.066124,405.772174,393.412093,4896.879105999999,188.009557,462.601964,181.099912,319.876748,434.571002,426.932887,269.421468,299.111731,116.672242,124.763417,129.95835,246.71974622,190.235111,3201.96457822,462.601964,87.912277,87.912277,-53.24052755467106,-80.99612975270463,1.3025797703834368
Other Moluscus,1139.365468,738.997737,1038.2457550000001,2648.012702,3396.796273,2287.156221,1409.392772,200.389158,241.469142,107.701092,72.426719,70.447181,134.841455,88.30379,109.469458,97.223232,76.35452,100.432997,110.334028,1409.3927720000004,1409.3927720000004,167.763101,182.860328,147.698892,80.913257,142.836164,81.462325,314.82297,182.931947,147.643005,208.108413,329.150912,242.027644,2228.218958,2228.218958,160.60639,253.79437,252.689153,182.108791,241.782304,360.972427,344.971976,271.639399,172.693438,420.48611,683.235365,536.907469,3881.8871919999992,3881.8871919999992,469.913967,894.65041,566.647861,357.371356,467.265679,265.293561,349.183076,454.106579,501.582034,403.609304,817.077238846,537.571523,6084.272588846,469.913967,480.579681,846.576201,481.015566,456.869712,170.229808,312.330609,244.382463,255.882675,173.961103,278.914187,232.938861,433.472985,4367.153851,480.579681,300.524958,300.524958,-36.04681301162517,-37.46615392172604,4.452822110228495
Shark fins,150.72083700000002,171.21752000000004,133.008418,213.576217,339,500.492157,341.186741,77.503099,21.712885,21.539137,0,13.414599,34.389049,42.522664,18.087343,20.10041,27.2589,24.719603,39.939052,341.18674100000004,341.18674100000004,23.135553,37.624473,96.511622,95.065224,24.582011,13.488912,114.358217,49.304141,2.028368,29.668982,194.466343,0,680.2338459999999,680.2338459999999,0,17.958121,163.31724,130.309423,30.267606,82.713014,38.229978,23.517421,36.181944,83.892421,279.722475,36.3043,922.413943,922.413943,62.85968,67.628827,234.520732,63.715636,146.519448,53.752838,141.110978,106.065385,200.33755,21.947445,66.384622,149.395806,1314.238947,62.85968,98.638239,55.291009,93.463595,104.807415,162.472992,112.750422,90.70234,113.60662,61.297912,66.109538,115.448897,100.170532,1174.7595110000002,98.638239,65.84497,65.84497,4.749133307710135,-33.24600006291677,0.9756126087315914
Fish maws,20.076605000000004,6.128117,15.710575999999998,35.878715,67.735724,77.041614,34.085018,1.249412,1.685408,0.793314,2.15029,0.250939,4.295571,7.9576,8.914502,1.053808,2.829881,0,2.904293,34.085018,34.085018,0,0.00196,7.911427,12.855811,2.769793,7.258376,16.008549,3.997084,2.204852,6.16602,11.159475,5.636902,75.97024900000001,75.97024900000001,0.207871,0.548098,9.606138,1.880986,7.127974,30.020755,1.119119,16.103855,41.764428,2.330516,42.735832,2.055929,155.501501,155.501501,14.864402,9.522919,2.262412,32.961339,46.485023,44.613575,1.474265,31.875098,40.942154,5.514539,7.926314,0,238.44204000000002,14.864402,22.853841,8.208697,3.613518,65.280385,52.484381,18.484041,53.532021,1.048338,24.85655,6.42837,2.024098,31.359452,290.17369199999996,22.853841,0,0,-100,-100,0
Chank & shells,124.055736,109.28511800000001,113.21851000000001,147.184189,123.212658,149.177723,140.815021,0.319411,36.461376,8.351763,0,0,16.957509,27.06144,22.159497,3.506517,8.857787,11.142758,5.996963,140.815021,140.815021,13.77275,32.361781,20.053661,6.826755,12.781328,12.413695,0.132856,11.979568,19.182725,6.498004,36.443381,28.932299,201.378803,201.378803,7.992423,17.706402,7.57405,28.334195,26.993694,17.549338,12.487293,19.508535,37.79706,14.663583,19.656992,17.967276,228.230841,228.230841,26.573613,5.901389,35.943506,34.855535,6.480914,15.046564,28.668992,0,10.846744,10.405817,32.944467,47.363486,255.03102700000002,26.573613,29.079565,24.787136,31.472604,6.639576,18.331904,27.424712,35.573417,6.725682,2.902117,24.377619,6.672248,20.164995,234.15157500000004,29.079565,26.501005,26.501005,-0.27323345154459217,-8.867257814895098,0.39266043590055466
Food Fish ,23582.965734999994,15528.346741689997,16877.448832999995,24689.739339310003,29758.73272032,34278.033372,25498.396149,3403.986413,2827.146049,1879.645676,971.248036,1704.015037,3408.401182,2428.271193,1922.158412,2222.709476,1995.331221,1040.720581,1694.762873,25498.396149,25498.396149,1994.01973,1686.083422,3874.808391,2858.541633,2201.740093,2280.227205,6198.970642,2123.031525,2345.746176,3226.367884,4615.777758,3793.083164,37198.397623000004,37198.397623000004,3530.312579,2942.843653,4088.305576,4391.307158,4355.841981,8704.921279,4401.735533,6545.548306,3843.79299,4781.927877,4943.798094,4997.725541,57528.060567,57528.060567,5701.666234,4741.079526,5526.440881,5527.432322,4289.17444,3467.45481,3759.28066,3681.314625,5609.672235,4488.646521,4709.474148,5201.832331,56703.468732999994,5701.666234,4887.670348,4032.430113643,3930.194081,5898.630508,3685.901619,4788.985334,5396.527326,2960.395178,3140.54000014,3443.542145,3271.606013,4294.99751,49731.420175782994,4887.670348,4334.322538,4334.322538,-23.981475587720272,-11.321299731812424,64.22084660957871
Other ,481.757686,491.26304875000005,649.7162255999999,1381.68623051,1465,1452.539135,1804.694808,94.192885,159.918311,197.802233,57.533,74.071244,215.326245,180.449335,275.388837,117.116356,139.386788,76.512729,216.996845,1804.6948080000002,1804.6948080000002,128.852945,170.642048,153.562,89.10252,78.114516,60.238127,77.103235,83.851379,74.63375,95.680695,139.684894,72.699522,1224.1656309999998,1224.1656309999998,66.383059,68.786686,89.695459,190.717115,73.851742,178.56364,103.706284,96.840359,160.183879,129.137627,177.530165,210.739195,1546.1352100000004,1546.1352100000004,101.943366,107.10474,137.239031,139.981944,85.146768,79.374297,127.769048,106.166069,100.884807,108.219046,124.605543,58.685882,1277.1205409999998,101.943366,109.55095,71.356342,123.877297,69.121733,88.161296,105.3066155,57.725574603,104.10953,83.529135,89.803373,84.78703,94.763931,1082.0928071029998,109.55095,63.066664,63.066664,-38.135587949881895,-42.43165942422225,0.9344469682200287
Total,34797.16817899999,24716.07136344,26801.6475606,39229.67282682,47948.85406532,53482.916579,39873.974728,4796.480581000001,4333.1212860000005,2915.047878,1289.6800079999998,2329.2926730000004,5063.32211,3826.226178,3223.200757,3451.552429,3290.1923429999997,2249.332397,3106.526088,39873.974727999994,39873.974727999994,3681.284802,3262.354193,5705.755725,4432.807449,3619.553623,3611.9662730000005,9596.599654000001,4151.633715,5044.097304,5625.913627,8164.494668,6326.024324000001,63222.485357000005,63222.485357000005,5487.952147,4849.549828,6776.699401999999,7671.334986000001,6800.019751999999,14253.221842,8432.693197,10096.897547,6821.327479,7990.012085,9330.637844,8732.493896,97242.84000499999,97242.84000499999,8639.111283,8225.757764,9625.150394,9216.886804,8126.346806,6401.204071,6579.464298,6523.00227,9303.772278,7943.881328,9690.336971846,8843.133797,99118.048064846,8639.111283,8616.951587,7603.15140695068,7205.236052,9548.348227,6365.306427,7767.8433075,7931.701380603,5051.607953,5941.2367957755,6679.437188,6258.358751219999,7271.727931,86240.90700704919,8616.951587,6749.089691,6749.089691,-21.877500243794465,-21.676597311025365,100
Source :  Statistics Unit/ Ministry of Fisheries ,,,,,,,,,,,,,,,,,,,,,,,,,,,,,,,,,,,,,,,,,,,,,,,,,,,,,,,,,,,,,,,,,,,,,,,,,,,,,,,,,,
Note     : (1) Fisheries sector tables are prepared by SU/MFARD based on the monthly custom returns,,,,,,,,,,,,,,,,,,,,,,,,,,,,,,,,,,,,,,,,,,,,,,,,,,,,,,,,,,,,,,,,,,,,,,,,,,,,,,,,,,
                (2) Live fish weight included water (container),,,,,,,,,,,,,,,,,,,,,,,,,,,,,,,,,,,,,,,,,,,,,,,,,,,,,,,,,,,,,,,,,,,,,,,,,,,,,,,,,,
                (3) EU fish export ban (2015.01.15 - 2016.06.15),,,,,,,,,,,,,,,,,,,,,,,,,,,,,,,,,,,,,,,,,,,,,,,,,,,,,,,,,,,,,,,,,,,,,,,,,,,,,,,,,,
                (4) Revised,,,,,,,,,,,,,,,,,,,,,,,,,,,,,,,,,,,,,,,,,,,,,,,,,,,,,,,,,,,,,,,,,,,,,,,,,,,,,,,,,,
